Timestamp,Framework,Suite,Total,Passed,Failed,Skipped,DurationSec,SourceReportPath

2026-09-30T13:00:14.600Z,playwright,results.json,5,5,0,0,24.799948,playwrightTests\playwright-report\results.json
2026-09-30T13:05:43.132Z,playwright,results.json,5,5,0,0,24.799948,playwrightTests\playwright-report\results.json
2026-09-30T13:07:04.158Z,playwright,results.json,6,5,1,0,25.867573,playwrightTests\playwright-report\results.json
2026-09-30T13:07:39.730Z,playwright,results.json,6,5,1,0,25.867573,playwrightTests\playwright-report\results.json
2026-09-30T13:08:15.237Z,playwright,results.json,6,5,1,0,25.867573,playwrightTests\playwright-report\results.json
2026-10-01T10:03:01.897Z,playwright,results.json,6,5,1,0,25.867573,playwrightTests\playwright-report\results.json
2026-10-01T10:09:18.056Z,playwright,results.json,6,5,1,0,25.867573,playwrightTests\playwright-report\results.json
2026-10-01T10:11:33.964Z,playwright,results.json,8,8,0,0,78.881878,playwrightTests\playwright-report\results.json
2026-10-01T10:13:29.379Z,playwright,results.json,8,7,1,0,28.680066,playwrightTests\playwright-report\results.json
2026-10-01T10:23:24.403Z,playwright,results.json,8,7,1,0,28.680066,playwrightTests\playwright-report\results.json
2026-10-01T10:32:35.135Z,playwright,results.json,8,8,0,0,25.960369,playwrightTests\playwright-report\results.json
2026-10-01T10:42:55.144Z,playwright,results.json,8,8,0,0,25.359128,playwrightTests\playwright-report\results.json
2026-10-01T10:44:55.138Z,playwright,results.json,2,2,0,0,8.664005999999999,playwrightTests\playwright-report\results.json
2026-10-01T10:45:39.118Z,playwright,results.json,2,2,0,0,8.179365,playwrightTests\playwright-report\results.json
2026-10-01T10:49:16.970Z,playwright,results.json,2,2,0,0,7.831830999999999,playwrightTests\playwright-report\results.json
2026-10-01T10:51:17.273Z,playwright,results.json,8,8,0,0,26.541369,playwrightTests\playwright-report\results.json
2026-10-05T14:00:12.511Z,playwright,results.json,8,8,0,0,25.867276999999998,playwrightTests\playwright-report\results.json
2026-10-06T08:54:56.469Z,playwright,results.json,8,8,0,0,64.102701,playwrightTests\playwright-report\results.json
2026-10-06T09:00:01.394Z,playwright,results.json,8,8,0,0,64.102701,playwrightTests\playwright-report\results.json
2026-10-06T09:01:50.895Z,playwright,results.json,11,10,1,0,76.56286499999999,playwrightTests\playwright-report\results.json
